<?xml version="1.0"?>
<SaveHistoryCase Text="CaseFilePath">
  <CaseFilePath>F:\client\TZZ\TZZ_tmp_xx.dxx</CaseFilePath>
  <CaseFilePath>C:\wt\XXSim\data\ECL-format\ENDSCALE_xx.dxx</CaseFilePath>
  <CaseFilePath>E:\workDoc\test\ENDSCALE_xx.dxx</CaseFilePath>
  <CaseFilePath>E:\te.st\SPE6_SIGMAV_xx.dxx</CaseFilePath>
  <CaseFilePath>E:\te st\SPE6_SIGMAV_xx.dxx</CaseFilePath>
  <CaseFilePath>E:\workDoc\test\SPE1_Eclipse_xx.dxx</CaseFilePath>
  <CaseFilePath>E:\workDoc\test\SPE9_xx.dxx</CaseFilePath>
  <CaseFilePath>E:\workDoc\test\SPE7_xx.dxx</CaseFilePath>
  <CaseFilePath>E:\workDoc\test\SPE6_SIGMAV_xx.dxx</CaseFilePath>
  <CaseFilePath>E:\workDoc\test\METRIC_7C_xx.dxx</CaseFilePath>
  <CaseFilePath>E:\workDoc\test\SPE1CASE2_xx.dxx</CaseFilePath>
</SaveHistoryCase>